transition,source,destination,seed,sample,performanceSeconds,steps,occupiedFraction,activity,changeRate,centroidU,centroidV
01-dormancy-to-nucleation,dormancy,nucleation,11000011,0,5.000,4600,0.001701,3.668196e-5,1.118223e-6,0.3945,0.4387
01-dormancy-to-nucleation,dormancy,nucleation,11000011,1,10.000,5200,0.002308,5.097287e-5,1.358981e-6,0.3945,0.4389
01-dormancy-to-nucleation,dormancy,nucleation,11000011,2,15.000,5800,0.003799,8.858086e-5,3.785924e-6,0.3945,0.4390
01-dormancy-to-nucleation,dormancy,nucleation,11000011,3,20.000,6400,0.006268,1.542715e-4,6.325033e-6,0.3945,0.4384
01-dormancy-to-nucleation,dormancy,nucleation,11000011,4,25.000,7000,0.010239,2.426381e-4,8.590128e-6,0.3945,0.4386
01-dormancy-to-nucleation,dormancy,nucleation,11000011,5,30.000,7600,0.015373,3.728288e-4,1.669504e-5,0.3946,0.4393
01-dormancy-to-nucleation,dormancy,nucleation,11000011,6,35.000,8200,0.021748,5.229615e-4,1.333530e-5,0.3947,0.4376
01-dormancy-to-nucleation,dormancy,nucleation,11000011,7,40.000,8800,0.026764,6.529758e-4,1.680753e-5,0.3945,0.4401
01-dormancy-to-nucleation,dormancy,nucleation,11000011,8,45.000,9400,0.034801,8.425883e-4,1.894975e-5,0.3950,0.4412
01-dormancy-to-nucleation,dormancy,nucleation,11000011,9,50.000,10000,0.043579,1.069327e-3,2.400573e-5,0.3966,0.4405
01-dormancy-to-nucleation,dormancy,nucleation,11000011,10,55.000,10600,0.052345,1.279369e-3,2.575715e-5,0.3949,0.4409
01-dormancy-to-nucleation,dormancy,nucleation,11000011,11,60.000,11200,0.063538,1.555424e-3,2.710053e-5,0.3943,0.4384
01-dormancy-to-nucleation,dormancy,nucleation,11000022,0,5.000,4600,0.001694,3.672118e-5,1.104138e-6,0.6028,0.4485
01-dormancy-to-nucleation,dormancy,nucleation,11000022,1,10.000,5200,0.002247,5.086456e-5,1.363952e-6,0.6034,0.4491
01-dormancy-to-nucleation,dormancy,nucleation,11000022,2,15.000,5800,0.003521,8.392986e-5,3.361374e-6,0.6032,0.4492
01-dormancy-to-nucleation,dormancy,nucleation,11000022,3,20.000,6400,0.006367,1.527704e-4,6.895187e-6,0.6024,0.4484
01-dormancy-to-nucleation,dormancy,nucleation,11000022,4,25.000,7000,0.010075,2.410398e-4,9.192655e-6,0.6031,0.4489
01-dormancy-to-nucleation,dormancy,nucleation,11000022,5,30.000,7600,0.014778,3.544348e-4,1.628212e-5,0.6031,0.4488
01-dormancy-to-nucleation,dormancy,nucleation,11000022,6,35.000,8200,0.020802,5.041349e-4,1.255044e-5,0.6035,0.4489
01-dormancy-to-nucleation,dormancy,nucleation,11000022,7,40.000,8800,0.027943,6.756621e-4,1.844814e-5,0.6025,0.4479
01-dormancy-to-nucleation,dormancy,nucleation,11000022,8,45.000,9400,0.034473,8.400118e-4,1.733950e-5,0.6009,0.4460
01-dormancy-to-nucleation,dormancy,nucleation,11000022,9,50.000,10000,0.043350,1.054787e-3,2.306519e-5,0.6013,0.4473
01-dormancy-to-nucleation,dormancy,nucleation,11000022,10,55.000,10600,0.052898,1.289252e-3,2.672423e-5,0.6003,0.4481
01-dormancy-to-nucleation,dormancy,nucleation,11000022,11,60.000,11200,0.062618,1.527462e-3,2.629386e-5,0.6020,0.4471
01-dormancy-to-nucleation,dormancy,nucleation,11000033,0,5.000,4600,0.001675,3.666546e-5,1.139122e-6,0.3828,0.4890
01-dormancy-to-nucleation,dormancy,nucleation,11000033,1,10.000,5200,0.002300,5.135036e-5,1.413266e-6,0.3828,0.4888
01-dormancy-to-nucleation,dormancy,nucleation,11000033,2,15.000,5800,0.003979,9.417701e-5,4.672071e-6,0.3828,0.4883
01-dormancy-to-nucleation,dormancy,nucleation,11000033,3,20.000,6400,0.006783,1.651580e-4,7.060851e-6,0.3828,0.4886
01-dormancy-to-nucleation,dormancy,nucleation,11000033,4,25.000,7000,0.010391,2.433941e-4,8.349874e-6,0.3828,0.4889
01-dormancy-to-nucleation,dormancy,nucleation,11000033,5,30.000,7600,0.016438,3.895417e-4,1.586600e-5,0.3828,0.4884
01-dormancy-to-nucleation,dormancy,nucleation,11000033,6,35.000,8200,0.021626,5.229378e-4,1.621045e-5,0.3828,0.4883
01-dormancy-to-nucleation,dormancy,nucleation,11000033,7,40.000,8800,0.028709,6.898192e-4,1.679491e-5,0.3827,0.4892
01-dormancy-to-nucleation,dormancy,nucleation,11000033,8,45.000,9400,0.036770,8.890595e-4,2.133854e-5,0.3828,0.4903
01-dormancy-to-nucleation,dormancy,nucleation,11000033,9,50.000,10000,0.045399,1.103431e-3,2.656041e-5,0.3827,0.4896
01-dormancy-to-nucleation,dormancy,nucleation,11000033,10,55.000,10600,0.056202,1.359008e-3,2.762484e-5,0.3831,0.4880
01-dormancy-to-nucleation,dormancy,nucleation,11000033,11,60.000,11200,0.066547,1.613063e-3,3.109630e-5,0.3827,0.4884
02-nucleation-to-cellular-growth,nucleation,cellular-growth,11000011,0,5.000,4600,0.019764,4.800517e-4,8.816215e-6,0.4969,0.5015
02-nucleation-to-cellular-growth,nucleation,cellular-growth,11000011,1,10.000,5200,0.024437,5.930745e-4,1.000032e-5,0.4969,0.5015
02-nucleation-to-cellular-growth,nucleation,cellular-growth,11000011,2,15.000,5800,0.032207,7.777578e-4,1.436203e-5,0.4972,0.5016
02-nucleation-to-cellular-growth,nucleation,cellular-growth,11000011,3,20.000,6400,0.040600,9.898744e-4,1.683127e-5,0.4974,0.5006
02-nucleation-to-cellular-growth,nucleation,cellular-growth,11000011,4,25.000,7000,0.049725,1.217773e-3,1.947216e-5,0.4958,0.5020
02-nucleation-to-cellular-growth,nucleation,cellular-growth,11000011,5,30.000,7600,0.061813,1.514103e-3,2.196998e-5,0.4948,0.5018
02-nucleation-to-cellular-growth,nucleation,cellular-growth,11000011,6,35.000,8200,0.075027,1.832403e-3,2.389053e-5,0.4949,0.5020
02-nucleation-to-cellular-growth,nucleation,cellular-growth,11000011,7,40.000,8800,0.088806,2.160631e-3,2.711574e-5,0.4949,0.5000
02-nucleation-to-cellular-growth,nucleation,cellular-growth,11000011,8,45.000,9400,0.103184,2.523320e-3,3.152135e-5,0.4939,0.5001
02-nucleation-to-cellular-growth,nucleation,cellular-growth,11000011,9,50.000,10000,0.121269,2.962430e-3,3.584053e-5,0.4941,0.4998
02-nucleation-to-cellular-growth,nucleation,cellular-growth,11000011,10,55.000,10600,0.138092,3.376757e-3,3.695889e-5,0.4940,0.4990
02-nucleation-to-cellular-growth,nucleation,cellular-growth,11000011,11,60.000,11200,0.158405,3.869355e-3,4.049179e-5,0.4934,0.4986
02-nucleation-to-cellular-growth,nucleation,cellular-growth,11000022,0,5.000,4600,0.019375,4.727556e-4,8.335271e-6,0.4955,0.5022
02-nucleation-to-cellular-growth,nucleation,cellular-growth,11000022,1,10.000,5200,0.023457,5.702650e-4,9.432729e-6,0.4954,0.5022
02-nucleation-to-cellular-growth,nucleation,cellular-growth,11000022,2,15.000,5800,0.031620,7.588780e-4,1.540268e-5,0.4953,0.5021
02-nucleation-to-cellular-growth,nucleation,cellular-growth,11000022,3,20.000,6400,0.039959,9.769327e-4,1.623162e-5,0.4949,0.5023
02-nucleation-to-cellular-growth,nucleation,cellular-growth,11000022,4,25.000,7000,0.049229,1.209193e-3,1.813450e-5,0.4943,0.5021
02-nucleation-to-cellular-growth,nucleation,cellular-growth,11000022,5,30.000,7600,0.059719,1.469992e-3,2.241112e-5,0.4948,0.5027
02-nucleation-to-cellular-growth,nucleation,cellular-growth,11000022,6,35.000,8200,0.072521,1.779887e-3,2.463671e-5,0.4954,0.5028
02-nucleation-to-cellular-growth,nucleation,cellular-growth,11000022,7,40.000,8800,0.085960,2.115724e-3,2.706415e-5,0.4963,0.5027
02-nucleation-to-cellular-growth,nucleation,cellular-growth,11000022,8,45.000,9400,0.100391,2.466160e-3,3.100872e-5,0.4969,0.5025
02-nucleation-to-cellular-growth,nucleation,cellular-growth,11000022,9,50.000,10000,0.117779,2.887049e-3,3.547009e-5,0.4980,0.5033
02-nucleation-to-cellular-growth,nucleation,cellular-growth,11000022,10,55.000,10600,0.135418,3.312379e-3,3.704376e-5,0.4979,0.5036
02-nucleation-to-cellular-growth,nucleation,cellular-growth,11000022,11,60.000,11200,0.154366,3.770716e-3,4.138242e-5,0.4999,0.5044
02-nucleation-to-cellular-growth,nucleation,cellular-growth,11000033,0,5.000,4600,0.019485,4.738296e-4,8.408370e-6,0.5018,0.5019
02-nucleation-to-cellular-growth,nucleation,cellular-growth,11000033,1,10.000,5200,0.023403,5.689198e-4,9.395683e-6,0.5019,0.5020
02-nucleation-to-cellular-growth,nucleation,cellular-growth,11000033,2,15.000,5800,0.031384,7.603294e-4,1.565724e-5,0.5019,0.5021
02-nucleation-to-cellular-growth,nucleation,cellular-growth,11000033,3,20.000,6400,0.039917,9.765839e-4,1.621494e-5,0.5021,0.5021
02-nucleation-to-cellular-growth,nucleation,cellular-growth,11000033,4,25.000,7000,0.049061,1.207614e-3,1.734312e-5,0.5020,0.5023
02-nucleation-to-cellular-growth,nucleation,cellular-growth,11000033,5,30.000,7600,0.059361,1.459925e-3,2.136427e-5,0.5018,0.5027
02-nucleation-to-cellular-growth,nucleation,cellular-growth,11000033,6,35.000,8200,0.071709,1.759564e-3,2.386565e-5,0.5017,0.5022
02-nucleation-to-cellular-growth,nucleation,cellular-growth,11000033,7,40.000,8800,0.085178,2.086537e-3,2.498885e-5,0.5018,0.5016
02-nucleation-to-cellular-growth,nucleation,cellular-growth,11000033,8,45.000,9400,0.099754,2.438521e-3,2.766616e-5,0.5011,0.5014
02-nucleation-to-cellular-growth,nucleation,cellular-growth,11000033,9,50.000,10000,0.115849,2.840610e-3,3.325102e-5,0.5021,0.5008
02-nucleation-to-cellular-growth,nucleation,cellular-growth,11000033,10,55.000,10600,0.132565,3.249809e-3,3.633001e-5,0.5018,0.5001
02-nucleation-to-cellular-growth,nucleation,cellular-growth,11000033,11,60.000,11200,0.152020,3.725654e-3,3.916843e-5,0.5021,0.4993
03-cellular-growth-to-replication,cellular-growth,replication,11000011,0,5.000,4600,0.035450,9.330985e-4,1.575759e-5,0.4967,0.5017
03-cellular-growth-to-replication,cellular-growth,replication,11000011,1,10.000,5200,0.046467,1.220901e-3,1.716858e-5,0.4967,0.5018
03-cellular-growth-to-replication,cellular-growth,replication,11000011,2,15.000,5800,0.057114,1.493611e-3,1.813328e-5,0.4967,0.5017
03-cellular-growth-to-replication,cellular-growth,replication,11000011,3,20.000,6400,0.069229,1.819243e-3,2.197552e-5,0.4966,0.5018
03-cellular-growth-to-replication,cellular-growth,replication,11000011,4,25.000,7000,0.085537,2.246808e-3,2.414600e-5,0.4967,0.5017
03-cellular-growth-to-replication,cellular-growth,replication,11000011,5,30.000,7600,0.100395,2.630829e-3,2.525825e-5,0.4965,0.5017
03-cellular-growth-to-replication,cellular-growth,replication,11000011,6,35.000,8200,0.115555,3.039551e-3,2.906902e-5,0.4968,0.5014
03-cellular-growth-to-replication,cellular-growth,replication,11000011,7,40.000,8800,0.135612,3.575401e-3,3.384373e-5,0.4965,0.5013
03-cellular-growth-to-replication,cellular-growth,replication,11000011,8,45.000,9400,0.154209,4.045054e-3,3.184135e-5,0.4966,0.5008
03-cellular-growth-to-replication,cellular-growth,replication,11000011,9,50.000,10000,0.171856,4.507149e-3,3.417466e-5,0.4965,0.5006
03-cellular-growth-to-replication,cellular-growth,replication,11000011,10,55.000,10600,0.194893,5.104326e-3,4.085506e-5,0.4964,0.5004
03-cellular-growth-to-replication,cellular-growth,replication,11000011,11,60.000,11200,0.217892,5.723271e-3,4.117568e-5,0.4961,0.4996
03-cellular-growth-to-replication,cellular-growth,replication,11000022,0,5.000,4600,0.035599,9.363014e-4,1.578976e-5,0.4956,0.5018
03-cellular-growth-to-replication,cellular-growth,replication,11000022,1,10.000,5200,0.046410,1.219995e-3,1.696228e-5,0.4954,0.5019
03-cellular-growth-to-replication,cellular-growth,replication,11000022,2,15.000,5800,0.056854,1.489559e-3,1.847350e-5,0.4955,0.5019
03-cellular-growth-to-replication,cellular-growth,replication,11000022,3,20.000,6400,0.069366,1.826218e-3,2.271963e-5,0.4954,0.5019
03-cellular-growth-to-replication,cellular-growth,replication,11000022,4,25.000,7000,0.085690,2.259014e-3,2.381181e-5,0.4955,0.5019
03-cellular-growth-to-replication,cellular-growth,replication,11000022,5,30.000,7600,0.100876,2.641503e-3,2.400660e-5,0.4956,0.5020
03-cellular-growth-to-replication,cellular-growth,replication,11000022,6,35.000,8200,0.115826,3.038714e-3,2.902244e-5,0.4956,0.5019
03-cellular-growth-to-replication,cellular-growth,replication,11000022,7,40.000,8800,0.135391,3.567426e-3,3.553063e-5,0.4955,0.5019
03-cellular-growth-to-replication,cellular-growth,replication,11000022,8,45.000,9400,0.155201,4.073914e-3,3.161930e-5,0.4955,0.5019
03-cellular-growth-to-replication,cellular-growth,replication,11000022,9,50.000,10000,0.173222,4.545658e-3,3.614597e-5,0.4957,0.5020
03-cellular-growth-to-replication,cellular-growth,replication,11000022,10,55.000,10600,0.196564,5.158671e-3,4.231479e-5,0.4957,0.5020
03-cellular-growth-to-replication,cellular-growth,replication,11000022,11,60.000,11200,0.220589,5.785192e-3,4.279692e-5,0.4955,0.5019
03-cellular-growth-to-replication,cellular-growth,replication,11000033,0,5.000,4600,0.035480,9.360021e-4,1.583078e-5,0.5020,0.5023
03-cellular-growth-to-replication,cellular-growth,replication,11000033,1,10.000,5200,0.046478,1.220408e-3,1.709051e-5,0.5020,0.5022
03-cellular-growth-to-replication,cellular-growth,replication,11000033,2,15.000,5800,0.057137,1.490262e-3,1.841068e-5,0.5021,0.5022
03-cellular-growth-to-replication,cellular-growth,replication,11000033,3,20.000,6400,0.069664,1.827158e-3,2.247416e-5,0.5019,0.5021
03-cellular-growth-to-replication,cellular-growth,replication,11000033,4,25.000,7000,0.086327,2.260807e-3,2.366784e-5,0.5018,0.5021
03-cellular-growth-to-replication,cellular-growth,replication,11000033,5,30.000,7600,0.101025,2.636256e-3,2.432259e-5,0.5018,0.5018
03-cellular-growth-to-replication,cellular-growth,replication,11000033,6,35.000,8200,0.116055,3.034331e-3,2.892382e-5,0.5019,0.5021
03-cellular-growth-to-replication,cellular-growth,replication,11000033,7,40.000,8800,0.136063,3.562535e-3,3.558327e-5,0.5022,0.5020
03-cellular-growth-to-replication,cellular-growth,replication,11000033,8,45.000,9400,0.155128,4.063928e-3,3.168149e-5,0.5021,0.5021
03-cellular-growth-to-replication,cellular-growth,replication,11000033,9,50.000,10000,0.172916,4.534196e-3,3.610437e-5,0.5023,0.5019
03-cellular-growth-to-replication,cellular-growth,replication,11000033,10,55.000,10600,0.196190,5.150875e-3,4.371479e-5,0.5023,0.5022
03-cellular-growth-to-replication,cellular-growth,replication,11000033,11,60.000,11200,0.220364,5.777197e-3,4.239335e-5,0.5028,0.5028
04-replication-to-connection,replication,connection,11000011,0,5.000,4600,0.036144,9.713191e-4,1.559839e-5,0.4965,0.5020
04-replication-to-connection,replication,connection,11000011,1,10.000,5200,0.047585,1.280530e-3,1.798814e-5,0.4968,0.5016
04-replication-to-connection,replication,connection,11000011,2,15.000,5800,0.058548,1.575710e-3,1.872817e-5,0.4966,0.5019
04-replication-to-connection,replication,connection,11000011,3,20.000,6400,0.068954,1.864012e-3,2.025957e-5,0.4967,0.5017
04-replication-to-connection,replication,connection,11000011,4,25.000,7000,0.083473,2.262173e-3,2.696102e-5,0.4968,0.5015
04-replication-to-connection,replication,connection,11000011,5,30.000,7600,0.099129,2.672975e-3,2.503939e-5,0.4966,0.5014
04-replication-to-connection,replication,connection,11000011,6,35.000,8200,0.114159,3.088488e-3,2.881349e-5,0.4967,0.5017
04-replication-to-connection,replication,connection,11000011,7,40.000,8800,0.132477,3.571956e-3,3.217985e-5,0.4965,0.5018
04-replication-to-connection,replication,connection,11000011,8,45.000,9400,0.152355,4.119890e-3,3.657998e-5,0.4970,0.5016
04-replication-to-connection,replication,connection,11000011,9,50.000,10000,0.175556,4.747907e-3,4.177991e-5,0.4968,0.5020
04-replication-to-connection,replication,connection,11000011,10,55.000,10600,0.200500,5.415512e-3,4.344196e-5,0.4967,0.5018
04-replication-to-connection,replication,connection,11000011,11,60.000,11200,0.226730,6.114739e-3,4.453860e-5,0.4957,0.5020
04-replication-to-connection,replication,connection,11000022,0,5.000,4600,0.036324,9.766629e-4,1.568823e-5,0.4954,0.5020
04-replication-to-connection,replication,connection,11000022,1,10.000,5200,0.047844,1.284441e-3,1.795972e-5,0.4953,0.5019
04-replication-to-connection,replication,connection,11000022,2,15.000,5800,0.058533,1.576037e-3,1.918001e-5,0.4954,0.5019
04-replication-to-connection,replication,connection,11000022,3,20.000,6400,0.068462,1.863674e-3,1.976752e-5,0.4956,0.5020
04-replication-to-connection,replication,connection,11000022,4,25.000,7000,0.083523,2.263623e-3,3.023477e-5,0.4956,0.5019
04-replication-to-connection,replication,connection,11000022,5,30.000,7600,0.100479,2.711598e-3,2.791069e-5,0.4957,0.5020
04-replication-to-connection,replication,connection,11000022,6,35.000,8200,0.116589,3.158337e-3,3.097782e-5,0.4954,0.5019
04-replication-to-connection,replication,connection,11000022,7,40.000,8800,0.135750,3.666305e-3,3.365497e-5,0.4956,0.5020
04-replication-to-connection,replication,connection,11000022,8,45.000,9400,0.155785,4.206199e-3,3.622532e-5,0.4956,0.5019
04-replication-to-connection,replication,connection,11000022,9,50.000,10000,0.180267,4.850717e-3,3.964909e-5,0.4959,0.5018
04-replication-to-connection,replication,connection,11000022,10,55.000,10600,0.204029,5.501989e-3,4.076749e-5,0.4961,0.5018
04-replication-to-connection,replication,connection,11000022,11,60.000,11200,0.227623,6.146277e-3,4.413125e-5,0.4960,0.5018
04-replication-to-connection,replication,connection,11000033,0,5.000,4600,0.036228,9.757786e-4,1.581648e-5,0.5020,0.5021
04-replication-to-connection,replication,connection,11000033,1,10.000,5200,0.047657,1.284533e-3,1.807072e-5,0.5021,0.5024
04-replication-to-connection,replication,connection,11000033,2,15.000,5800,0.058411,1.577426e-3,1.879426e-5,0.5020,0.5023
04-replication-to-connection,replication,connection,11000033,3,20.000,6400,0.068714,1.863009e-3,1.988047e-5,0.5021,0.5021
04-replication-to-connection,replication,connection,11000033,4,25.000,7000,0.084240,2.266700e-3,2.915341e-5,0.5021,0.5022
04-replication-to-connection,replication,connection,11000033,5,30.000,7600,0.099503,2.700221e-3,2.721976e-5,0.5021,0.5022
04-replication-to-connection,replication,connection,11000033,6,35.000,8200,0.116451,3.152152e-3,2.927892e-5,0.5022,0.5026
04-replication-to-connection,replication,connection,11000033,7,40.000,8800,0.135403,3.656225e-3,3.403253e-5,0.5026,0.5023
04-replication-to-connection,replication,connection,11000033,8,45.000,9400,0.155308,4.200493e-3,3.691570e-5,0.5022,0.5028
04-replication-to-connection,replication,connection,11000033,9,50.000,10000,0.178841,4.830019e-3,3.893443e-5,0.5024,0.5026
04-replication-to-connection,replication,connection,11000033,10,55.000,10600,0.202309,5.458820e-3,4.080751e-5,0.5025,0.5026
04-replication-to-connection,replication,connection,11000033,11,60.000,11200,0.225792,6.080849e-3,4.597767e-5,0.5023,0.5027
05-connection-to-labyrinth,connection,labyrinth,11000011,0,5.000,4600,0.143097,3.153575e-3,6.830919e-5,0.4967,0.5015
05-connection-to-labyrinth,connection,labyrinth,11000011,1,10.000,5200,0.186203,4.120979e-3,9.005453e-5,0.4969,0.5013
05-connection-to-labyrinth,connection,labyrinth,11000011,2,15.000,5800,0.232044,5.139039e-3,9.244509e-5,0.4969,0.5011
05-connection-to-labyrinth,connection,labyrinth,11000011,3,20.000,6400,0.289040,6.379179e-3,1.021075e-4,0.4975,0.5005
05-connection-to-labyrinth,connection,labyrinth,11000011,4,25.000,7000,0.342758,7.601301e-3,1.160396e-4,0.4975,0.5013
05-connection-to-labyrinth,connection,labyrinth,11000011,5,30.000,7600,0.405518,8.995502e-3,1.239655e-4,0.4969,0.5013
05-connection-to-labyrinth,connection,labyrinth,11000011,6,35.000,8200,0.472099,1.048145e-2,1.342836e-4,0.4967,0.5015
05-connection-to-labyrinth,connection,labyrinth,11000011,7,40.000,8800,0.544998,1.209485e-2,1.471381e-4,0.4977,0.5009
05-connection-to-labyrinth,connection,labyrinth,11000011,8,45.000,9400,0.601059,1.331970e-2,9.928828e-5,0.4980,0.5007
05-connection-to-labyrinth,connection,labyrinth,11000011,9,50.000,10000,0.635651,1.406668e-2,6.769283e-5,0.4978,0.5001
05-connection-to-labyrinth,connection,labyrinth,11000011,10,55.000,10600,0.655670,1.451304e-2,4.686177e-5,0.4982,0.4995
05-connection-to-labyrinth,connection,labyrinth,11000011,11,60.000,11200,0.664608,1.473878e-2,2.898267e-5,0.4990,0.4992
05-connection-to-labyrinth,connection,labyrinth,11000022,0,5.000,4600,0.141949,3.152675e-3,6.730385e-5,0.4956,0.5020
05-connection-to-labyrinth,connection,labyrinth,11000022,1,10.000,5200,0.186428,4.126502e-3,8.077760e-5,0.4954,0.5019
05-connection-to-labyrinth,connection,labyrinth,11000022,2,15.000,5800,0.232143,5.174778e-3,9.232266e-5,0.4954,0.5020
05-connection-to-labyrinth,connection,labyrinth,11000022,3,20.000,6400,0.287441,6.369767e-3,1.045986e-4,0.4956,0.5018
05-connection-to-labyrinth,connection,labyrinth,11000022,4,25.000,7000,0.343498,7.609765e-3,1.200042e-4,0.4956,0.5020
05-connection-to-labyrinth,connection,labyrinth,11000022,5,30.000,7600,0.405670,9.002651e-3,1.242104e-4,0.4952,0.5019
05-connection-to-labyrinth,connection,labyrinth,11000022,6,35.000,8200,0.472343,1.052112e-2,1.342801e-4,0.4958,0.5018
05-connection-to-labyrinth,connection,labyrinth,11000022,7,40.000,8800,0.544926,1.210849e-2,1.455244e-4,0.4958,0.5017
05-connection-to-labyrinth,connection,labyrinth,11000022,8,45.000,9400,0.603024,1.334092e-2,9.880205e-5,0.4965,0.5016
05-connection-to-labyrinth,connection,labyrinth,11000022,9,50.000,10000,0.635643,1.406871e-2,6.742217e-5,0.4967,0.5014
05-connection-to-labyrinth,connection,labyrinth,11000022,10,55.000,10600,0.654209,1.449630e-2,4.591844e-5,0.4965,0.5008
05-connection-to-labyrinth,connection,labyrinth,11000022,11,60.000,11200,0.663071,1.470399e-2,2.939011e-5,0.4969,0.5005
05-connection-to-labyrinth,connection,labyrinth,11000033,0,5.000,4600,0.141975,3.154366e-3,6.710523e-5,0.5019,0.5020
05-connection-to-labyrinth,connection,labyrinth,11000033,1,10.000,5200,0.186489,4.128289e-3,8.087006e-5,0.5021,0.5023
05-connection-to-labyrinth,connection,labyrinth,11000033,2,15.000,5800,0.232334,5.176233e-3,9.194029e-5,0.5021,0.5023
05-connection-to-labyrinth,connection,labyrinth,11000033,3,20.000,6400,0.288105,6.370106e-3,1.032467e-4,0.5020,0.5020
05-connection-to-labyrinth,connection,labyrinth,11000033,4,25.000,7000,0.342819,7.605122e-3,1.197072e-4,0.5019,0.5021
05-connection-to-labyrinth,connection,labyrinth,11000033,5,30.000,7600,0.406410,9.007203e-3,1.242600e-4,0.5021,0.5021
05-connection-to-labyrinth,connection,labyrinth,11000033,6,35.000,8200,0.473335,1.052904e-2,1.359402e-4,0.5019,0.5026
05-connection-to-labyrinth,connection,labyrinth,11000033,7,40.000,8800,0.545166,1.209539e-2,1.451096e-4,0.5018,0.5023
05-connection-to-labyrinth,connection,labyrinth,11000033,8,45.000,9400,0.603291,1.334171e-2,1.012014e-4,0.5015,0.5020
05-connection-to-labyrinth,connection,labyrinth,11000033,9,50.000,10000,0.636364,1.407600e-2,6.853898e-5,0.5013,0.5012
05-connection-to-labyrinth,connection,labyrinth,11000033,10,55.000,10600,0.653374,1.448914e-2,4.487118e-5,0.5013,0.5012
05-connection-to-labyrinth,connection,labyrinth,11000033,11,60.000,11200,0.663574,1.470755e-2,2.988192e-5,0.5010,0.5008
06-labyrinth-to-overgrowth,labyrinth,overgrowth,11000011,0,5.000,4600,0.136940,3.008344e-3,6.822584e-5,0.4965,0.5015
06-labyrinth-to-overgrowth,labyrinth,overgrowth,11000011,1,10.000,5200,0.175903,3.887660e-3,8.008991e-5,0.4965,0.5021
06-labyrinth-to-overgrowth,labyrinth,overgrowth,11000011,2,15.000,5800,0.220963,4.860519e-3,8.344190e-5,0.4966,0.5024
06-labyrinth-to-overgrowth,labyrinth,overgrowth,11000011,3,20.000,6400,0.266659,5.883696e-3,9.616499e-5,0.4965,0.5015
06-labyrinth-to-overgrowth,labyrinth,overgrowth,11000011,4,25.000,7000,0.320007,7.050078e-3,1.092548e-4,0.4969,0.5016
06-labyrinth-to-overgrowth,labyrinth,overgrowth,11000011,5,30.000,7600,0.375004,8.289097e-3,1.178743e-4,0.4964,0.5015
06-labyrinth-to-overgrowth,labyrinth,overgrowth,11000011,6,35.000,8200,0.439583,9.699897e-3,1.313877e-4,0.4968,0.5019
06-labyrinth-to-overgrowth,labyrinth,overgrowth,11000011,7,40.000,8800,0.509380,1.122395e-2,1.444014e-4,0.4968,0.5014
06-labyrinth-to-overgrowth,labyrinth,overgrowth,11000011,8,45.000,9400,0.568066,1.247283e-2,1.036604e-4,0.4966,0.5010
06-labyrinth-to-overgrowth,labyrinth,overgrowth,11000011,9,50.000,10000,0.605381,1.329572e-2,7.708523e-5,0.4973,0.5007
06-labyrinth-to-overgrowth,labyrinth,overgrowth,11000011,10,55.000,10600,0.628807,1.380581e-2,5.183717e-5,0.4974,0.5009
06-labyrinth-to-overgrowth,labyrinth,overgrowth,11000011,11,60.000,11200,0.638596,1.401848e-2,2.882889e-5,0.4978,0.5003
06-labyrinth-to-overgrowth,labyrinth,overgrowth,11000022,0,5.000,4600,0.136902,3.003932e-3,6.878738e-5,0.4952,0.5018
06-labyrinth-to-overgrowth,labyrinth,overgrowth,11000022,1,10.000,5200,0.176067,3.891590e-3,7.996961e-5,0.4955,0.5019
06-labyrinth-to-overgrowth,labyrinth,overgrowth,11000022,2,15.000,5800,0.221531,4.857577e-3,8.432673e-5,0.4953,0.5021
06-labyrinth-to-overgrowth,labyrinth,overgrowth,11000022,3,20.000,6400,0.266907,5.891873e-3,9.779735e-5,0.4956,0.5021
06-labyrinth-to-overgrowth,labyrinth,overgrowth,11000022,4,25.000,7000,0.320831,7.065413e-3,1.091297e-4,0.4954,0.5016
06-labyrinth-to-overgrowth,labyrinth,overgrowth,11000022,5,30.000,7600,0.376511,8.322899e-3,1.203989e-4,0.4954,0.5016
06-labyrinth-to-overgrowth,labyrinth,overgrowth,11000022,6,35.000,8200,0.441132,9.716831e-3,1.290881e-4,0.4954,0.5018
06-labyrinth-to-overgrowth,labyrinth,overgrowth,11000022,7,40.000,8800,0.508099,1.120656e-2,1.458217e-4,0.4947,0.5022
06-labyrinth-to-overgrowth,labyrinth,overgrowth,11000022,8,45.000,9400,0.569263,1.250241e-2,1.045476e-4,0.4954,0.5013
06-labyrinth-to-overgrowth,labyrinth,overgrowth,11000022,9,50.000,10000,0.605724,1.331147e-2,7.656965e-5,0.4964,0.5009
06-labyrinth-to-overgrowth,labyrinth,overgrowth,11000022,10,55.000,10600,0.628906,1.382246e-2,5.031170e-5,0.4966,0.5002
06-labyrinth-to-overgrowth,labyrinth,overgrowth,11000022,11,60.000,11200,0.638706,1.402480e-2,2.811074e-5,0.4971,0.5000
06-labyrinth-to-overgrowth,labyrinth,overgrowth,11000033,0,5.000,4600,0.136841,3.003865e-3,6.840604e-5,0.5020,0.5022
06-labyrinth-to-overgrowth,labyrinth,overgrowth,11000033,1,10.000,5200,0.175934,3.893983e-3,7.940629e-5,0.5020,0.5021
06-labyrinth-to-overgrowth,labyrinth,overgrowth,11000033,2,15.000,5800,0.221943,4.862373e-3,8.360694e-5,0.5020,0.5021
06-labyrinth-to-overgrowth,labyrinth,overgrowth,11000033,3,20.000,6400,0.267101,5.891535e-3,9.709338e-5,0.5020,0.5021
06-labyrinth-to-overgrowth,labyrinth,overgrowth,11000033,4,25.000,7000,0.320538,7.069134e-3,1.091701e-4,0.5021,0.5023
06-labyrinth-to-overgrowth,labyrinth,overgrowth,11000033,5,30.000,7600,0.376106,8.312239e-3,1.192292e-4,0.5021,0.5024
06-labyrinth-to-overgrowth,labyrinth,overgrowth,11000033,6,35.000,8200,0.440613,9.718761e-3,1.297813e-4,0.5021,0.5018
06-labyrinth-to-overgrowth,labyrinth,overgrowth,11000033,7,40.000,8800,0.509560,1.122250e-2,1.456064e-4,0.5021,0.5020
06-labyrinth-to-overgrowth,labyrinth,overgrowth,11000033,8,45.000,9400,0.568665,1.249650e-2,1.047728e-4,0.5019,0.5022
06-labyrinth-to-overgrowth,labyrinth,overgrowth,11000033,9,50.000,10000,0.605568,1.330255e-2,7.713305e-5,0.5017,0.5013
06-labyrinth-to-overgrowth,labyrinth,overgrowth,11000033,10,55.000,10600,0.627892,1.380664e-2,5.074271e-5,0.5011,0.5012
06-labyrinth-to-overgrowth,labyrinth,overgrowth,11000033,11,60.000,11200,0.637806,1.401667e-2,2.643653e-5,0.5009,0.5007
07-overgrowth-to-collapse,overgrowth,collapse,11000011,0,5.000,4600,0.212162,6.027921e-3,4.675101e-5,0.4968,0.5017
07-overgrowth-to-collapse,overgrowth,collapse,11000011,1,10.000,5200,0.266720,7.562156e-3,5.238095e-5,0.4968,0.5016
07-overgrowth-to-collapse,overgrowth,collapse,11000011,2,15.000,5800,0.327431,9.268141e-3,5.801983e-5,0.4967,0.5017
07-overgrowth-to-collapse,overgrowth,collapse,11000011,3,20.000,6400,0.394302,1.114570e-2,6.364747e-5,0.4967,0.5017
07-overgrowth-to-collapse,overgrowth,collapse,11000011,4,25.000,7000,0.467342,1.319470e-2,6.927843e-5,0.4967,0.5017
07-overgrowth-to-collapse,overgrowth,collapse,11000011,5,30.000,7600,0.546471,1.541501e-2,7.489319e-5,0.4967,0.5016
07-overgrowth-to-collapse,overgrowth,collapse,11000011,6,35.000,8200,0.631832,1.780653e-2,8.051836e-5,0.4968,0.5017
07-overgrowth-to-collapse,overgrowth,collapse,11000011,7,40.000,8800,0.723244,2.036919e-2,8.612849e-5,0.4967,0.5017
07-overgrowth-to-collapse,overgrowth,collapse,11000011,8,45.000,9400,0.820545,2.307910e-2,8.618094e-5,0.4968,0.5016
07-overgrowth-to-collapse,overgrowth,collapse,11000011,9,50.000,10000,0.891575,2.496654e-2,5.061341e-5,0.4978,0.5004
07-overgrowth-to-collapse,overgrowth,collapse,11000011,10,55.000,10600,0.937420,2.620751e-2,3.478740e-5,0.4982,0.5000
07-overgrowth-to-collapse,overgrowth,collapse,11000011,11,60.000,11200,0.968670,2.705091e-2,2.315094e-5,0.4984,0.4997
07-overgrowth-to-collapse,overgrowth,collapse,11000022,0,5.000,4600,0.211422,6.006554e-3,4.665197e-5,0.4954,0.5019
07-overgrowth-to-collapse,overgrowth,collapse,11000022,1,10.000,5200,0.265842,7.538298e-3,5.229916e-5,0.4954,0.5019
07-overgrowth-to-collapse,overgrowth,collapse,11000022,2,15.000,5800,0.326477,9.241791e-3,5.794421e-5,0.4955,0.5019
07-overgrowth-to-collapse,overgrowth,collapse,11000022,3,20.000,6400,0.393284,1.111687e-2,6.357504e-5,0.4954,0.5019
07-overgrowth-to-collapse,overgrowth,collapse,11000022,4,25.000,7000,0.466236,1.316338e-2,6.919102e-5,0.4954,0.5019
07-overgrowth-to-collapse,overgrowth,collapse,11000022,5,30.000,7600,0.545288,1.538122e-2,7.480115e-5,0.4954,0.5019
07-overgrowth-to-collapse,overgrowth,collapse,11000022,6,35.000,8200,0.630508,1.777027e-2,8.043640e-5,0.4955,0.5019
07-overgrowth-to-collapse,overgrowth,collapse,11000022,7,40.000,8800,0.721874,2.033044e-2,8.607293e-5,0.4954,0.5019
07-overgrowth-to-collapse,overgrowth,collapse,11000022,8,45.000,9400,0.819118,2.304279e-2,8.706342e-5,0.4955,0.5019
07-overgrowth-to-collapse,overgrowth,collapse,11000022,9,50.000,10000,0.890831,2.494712e-2,5.091138e-5,0.4971,0.5005
07-overgrowth-to-collapse,overgrowth,collapse,11000022,10,55.000,10600,0.936935,2.619455e-2,3.495957e-5,0.4977,0.5001
07-overgrowth-to-collapse,overgrowth,collapse,11000022,11,60.000,11200,0.968369,2.704251e-2,2.327633e-5,0.4981,0.4997
07-overgrowth-to-collapse,overgrowth,collapse,11000033,0,5.000,4600,0.211605,6.013165e-3,4.668752e-5,0.5021,0.5023
07-overgrowth-to-collapse,overgrowth,collapse,11000033,1,10.000,5200,0.266094,7.545698e-3,5.228981e-5,0.5020,0.5022
07-overgrowth-to-collapse,overgrowth,collapse,11000033,2,15.000,5800,0.326805,9.249976e-3,5.796200e-5,0.5020,0.5022
07-overgrowth-to-collapse,overgrowth,collapse,11000033,3,20.000,6400,0.393612,1.112581e-2,6.362788e-5,0.5021,0.5022
07-overgrowth-to-collapse,overgrowth,collapse,11000033,4,25.000,7000,0.466625,1.317309e-2,6.923390e-5,0.5021,0.5022
07-overgrowth-to-collapse,overgrowth,collapse,11000033,5,30.000,7600,0.545605,1.539171e-2,7.481127e-5,0.5020,0.5022
07-overgrowth-to-collapse,overgrowth,collapse,11000033,6,35.000,8200,0.630905,1.778155e-2,8.044002e-5,0.5020,0.5022
07-overgrowth-to-collapse,overgrowth,collapse,11000033,7,40.000,8800,0.722401,2.034248e-2,8.610277e-5,0.5020,0.5022
07-overgrowth-to-collapse,overgrowth,collapse,11000033,8,45.000,9400,0.819511,2.305423e-2,8.681414e-5,0.5020,0.5022
07-overgrowth-to-collapse,overgrowth,collapse,11000033,9,50.000,10000,0.891087,2.495338e-2,5.083084e-5,0.5006,0.5007
07-overgrowth-to-collapse,overgrowth,collapse,11000033,10,55.000,10600,0.937107,2.619876e-2,3.492062e-5,0.5001,0.5002
07-overgrowth-to-collapse,overgrowth,collapse,11000033,11,60.000,11200,0.968430,2.704525e-2,2.324147e-5,0.4998,0.4998
08-collapse-to-stillness,collapse,stillness,11000011,0,5.000,4600,0.000000,0.000000e+0,0.000000e+0,0.0000,0.0000
08-collapse-to-stillness,collapse,stillness,11000011,1,10.000,5200,0.000000,0.000000e+0,0.000000e+0,0.0000,0.0000
08-collapse-to-stillness,collapse,stillness,11000011,2,15.000,5800,0.000000,0.000000e+0,0.000000e+0,0.0000,0.0000
08-collapse-to-stillness,collapse,stillness,11000011,3,20.000,6400,0.000000,0.000000e+0,0.000000e+0,0.0000,0.0000
08-collapse-to-stillness,collapse,stillness,11000011,4,25.000,7000,0.000000,0.000000e+0,0.000000e+0,0.0000,0.0000
08-collapse-to-stillness,collapse,stillness,11000011,5,30.000,7600,0.000000,0.000000e+0,0.000000e+0,0.0000,0.0000
08-collapse-to-stillness,collapse,stillness,11000011,6,35.000,8200,0.000000,0.000000e+0,0.000000e+0,0.0000,0.0000
08-collapse-to-stillness,collapse,stillness,11000011,7,40.000,8800,0.000000,0.000000e+0,0.000000e+0,0.0000,0.0000
08-collapse-to-stillness,collapse,stillness,11000011,8,45.000,9400,0.000000,0.000000e+0,0.000000e+0,0.0000,0.0000
08-collapse-to-stillness,collapse,stillness,11000011,9,50.000,10000,0.000000,0.000000e+0,0.000000e+0,0.0000,0.0000
08-collapse-to-stillness,collapse,stillness,11000011,10,55.000,10600,0.000000,0.000000e+0,0.000000e+0,0.0000,0.0000
08-collapse-to-stillness,collapse,stillness,11000011,11,60.000,11200,0.000000,0.000000e+0,0.000000e+0,0.0000,0.0000
08-collapse-to-stillness,collapse,stillness,11000022,0,5.000,4600,0.000000,0.000000e+0,0.000000e+0,0.0000,0.0000
08-collapse-to-stillness,collapse,stillness,11000022,1,10.000,5200,0.000000,0.000000e+0,0.000000e+0,0.0000,0.0000
08-collapse-to-stillness,collapse,stillness,11000022,2,15.000,5800,0.000000,0.000000e+0,0.000000e+0,0.0000,0.0000
08-collapse-to-stillness,collapse,stillness,11000022,3,20.000,6400,0.000000,0.000000e+0,0.000000e+0,0.0000,0.0000
08-collapse-to-stillness,collapse,stillness,11000022,4,25.000,7000,0.000000,0.000000e+0,0.000000e+0,0.0000,0.0000
08-collapse-to-stillness,collapse,stillness,11000022,5,30.000,7600,0.000000,0.000000e+0,0.000000e+0,0.0000,0.0000
08-collapse-to-stillness,collapse,stillness,11000022,6,35.000,8200,0.000000,0.000000e+0,0.000000e+0,0.0000,0.0000
08-collapse-to-stillness,collapse,stillness,11000022,7,40.000,8800,0.000000,0.000000e+0,0.000000e+0,0.0000,0.0000
08-collapse-to-stillness,collapse,stillness,11000022,8,45.000,9400,0.000000,0.000000e+0,0.000000e+0,0.0000,0.0000
08-collapse-to-stillness,collapse,stillness,11000022,9,50.000,10000,0.000000,0.000000e+0,0.000000e+0,0.0000,0.0000
08-collapse-to-stillness,collapse,stillness,11000022,10,55.000,10600,0.000000,0.000000e+0,0.000000e+0,0.0000,0.0000
08-collapse-to-stillness,collapse,stillness,11000022,11,60.000,11200,0.000000,0.000000e+0,0.000000e+0,0.0000,0.0000
08-collapse-to-stillness,collapse,stillness,11000033,0,5.000,4600,0.000000,0.000000e+0,0.000000e+0,0.0000,0.0000
08-collapse-to-stillness,collapse,stillness,11000033,1,10.000,5200,0.000000,0.000000e+0,0.000000e+0,0.0000,0.0000
08-collapse-to-stillness,collapse,stillness,11000033,2,15.000,5800,0.000000,0.000000e+0,0.000000e+0,0.0000,0.0000
08-collapse-to-stillness,collapse,stillness,11000033,3,20.000,6400,0.000000,0.000000e+0,0.000000e+0,0.0000,0.0000
08-collapse-to-stillness,collapse,stillness,11000033,4,25.000,7000,0.000000,0.000000e+0,0.000000e+0,0.0000,0.0000
08-collapse-to-stillness,collapse,stillness,11000033,5,30.000,7600,0.000000,0.000000e+0,0.000000e+0,0.0000,0.0000
08-collapse-to-stillness,collapse,stillness,11000033,6,35.000,8200,0.000000,0.000000e+0,0.000000e+0,0.0000,0.0000
08-collapse-to-stillness,collapse,stillness,11000033,7,40.000,8800,0.000000,0.000000e+0,0.000000e+0,0.0000,0.0000
08-collapse-to-stillness,collapse,stillness,11000033,8,45.000,9400,0.000000,0.000000e+0,0.000000e+0,0.0000,0.0000
08-collapse-to-stillness,collapse,stillness,11000033,9,50.000,10000,0.000000,0.000000e+0,0.000000e+0,0.0000,0.0000
08-collapse-to-stillness,collapse,stillness,11000033,10,55.000,10600,0.000000,0.000000e+0,0.000000e+0,0.0000,0.0000
08-collapse-to-stillness,collapse,stillness,11000033,11,60.000,11200,0.000000,0.000000e+0,0.000000e+0,0.0000,0.0000
09-stillness-to-rebirth,stillness,rebirth,11000011,0,5.000,4600,0.001774,3.722200e-5,1.036240e-6,0.6055,0.4309
09-stillness-to-rebirth,stillness,rebirth,11000011,1,10.000,5200,0.002216,5.233560e-5,2.237664e-6,0.6056,0.4308
09-stillness-to-rebirth,stillness,rebirth,11000011,2,15.000,5800,0.003201,7.130512e-5,3.659359e-6,0.6055,0.4311
09-stillness-to-rebirth,stillness,rebirth,11000011,3,20.000,6400,0.004440,1.080017e-4,5.163701e-6,0.6055,0.4313
09-stillness-to-rebirth,stillness,rebirth,11000011,4,25.000,7000,0.007450,1.829436e-4,7.910372e-6,0.6055,0.4313
09-stillness-to-rebirth,stillness,rebirth,11000011,5,30.000,7600,0.012096,2.845942e-4,9.068646e-6,0.6056,0.4308
09-stillness-to-rebirth,stillness,rebirth,11000011,6,35.000,8200,0.017021,4.048959e-4,1.293632e-5,0.6053,0.4318
09-stillness-to-rebirth,stillness,rebirth,11000011,7,40.000,8800,0.022305,5.442498e-4,1.478080e-5,0.6055,0.4321
09-stillness-to-rebirth,stillness,rebirth,11000011,8,45.000,9400,0.030701,7.520058e-4,1.924069e-5,0.6062,0.4317
09-stillness-to-rebirth,stillness,rebirth,11000011,9,50.000,10000,0.038837,9.465106e-4,2.446535e-5,0.6061,0.4286
09-stillness-to-rebirth,stillness,rebirth,11000011,10,55.000,10600,0.048206,1.176126e-3,2.223103e-5,0.6058,0.4302
09-stillness-to-rebirth,stillness,rebirth,11000011,11,60.000,11200,0.056599,1.375923e-3,2.541002e-5,0.6065,0.4286
09-stillness-to-rebirth,stillness,rebirth,11000022,0,5.000,4600,0.001789,3.731930e-5,1.039840e-6,0.6103,0.4293
09-stillness-to-rebirth,stillness,rebirth,11000022,1,10.000,5200,0.002216,5.258192e-5,2.449049e-6,0.6103,0.4294
09-stillness-to-rebirth,stillness,rebirth,11000022,2,15.000,5800,0.003189,7.198705e-5,4.056363e-6,0.6107,0.4297
09-stillness-to-rebirth,stillness,rebirth,11000022,3,20.000,6400,0.004292,1.037934e-4,5.129436e-6,0.6103,0.4299
09-stillness-to-rebirth,stillness,rebirth,11000022,4,25.000,7000,0.007317,1.789779e-4,7.727569e-6,0.6105,0.4297
09-stillness-to-rebirth,stillness,rebirth,11000022,5,30.000,7600,0.011997,2.807420e-4,8.932335e-6,0.6106,0.4297
09-stillness-to-rebirth,stillness,rebirth,11000022,6,35.000,8200,0.016823,4.004119e-4,1.331603e-5,0.6101,0.4296
09-stillness-to-rebirth,stillness,rebirth,11000022,7,40.000,8800,0.022038,5.382446e-4,1.431418e-5,0.6105,0.4291
09-stillness-to-rebirth,stillness,rebirth,11000022,8,45.000,9400,0.030354,7.387885e-4,1.861708e-5,0.6102,0.4286
09-stillness-to-rebirth,stillness,rebirth,11000022,9,50.000,10000,0.038143,9.255465e-4,2.264262e-5,0.6097,0.4272
09-stillness-to-rebirth,stillness,rebirth,11000022,10,55.000,10600,0.046841,1.135452e-3,2.205983e-5,0.6116,0.4286
09-stillness-to-rebirth,stillness,rebirth,11000022,11,60.000,11200,0.057068,1.384076e-3,2.620785e-5,0.6108,0.4292
09-stillness-to-rebirth,stillness,rebirth,11000033,0,5.000,4600,0.001770,3.712028e-5,1.036940e-6,0.6066,0.4316
09-stillness-to-rebirth,stillness,rebirth,11000033,1,10.000,5200,0.002216,5.202495e-5,2.020218e-6,0.6067,0.4316
09-stillness-to-rebirth,stillness,rebirth,11000033,2,15.000,5800,0.003201,7.173372e-5,3.349214e-6,0.6065,0.4316
09-stillness-to-rebirth,stillness,rebirth,11000033,3,20.000,6400,0.004456,1.111231e-4,5.416719e-6,0.6068,0.4316
09-stillness-to-rebirth,stillness,rebirth,11000033,4,25.000,7000,0.007725,1.871615e-4,8.149160e-6,0.6070,0.4317
09-stillness-to-rebirth,stillness,rebirth,11000033,5,30.000,7600,0.012234,2.898373e-4,9.026388e-6,0.6067,0.4316
09-stillness-to-rebirth,stillness,rebirth,11000033,6,35.000,8200,0.017414,4.154987e-4,1.275322e-5,0.6068,0.4316
09-stillness-to-rebirth,stillness,rebirth,11000033,7,40.000,8800,0.023067,5.604023e-4,1.555644e-5,0.6067,0.4317
09-stillness-to-rebirth,stillness,rebirth,11000033,8,45.000,9400,0.031326,7.575335e-4,1.817702e-5,0.6062,0.4322
09-stillness-to-rebirth,stillness,rebirth,11000033,9,50.000,10000,0.038918,9.468964e-4,2.382547e-5,0.6031,0.4316
09-stillness-to-rebirth,stillness,rebirth,11000033,10,55.000,10600,0.048767,1.185999e-3,2.399156e-5,0.6026,0.4318
09-stillness-to-rebirth,stillness,rebirth,11000033,11,60.000,11200,0.057484,1.399415e-3,2.590099e-5,0.6039,0.4309
